sid,n_mau,n_win,du_dk,loai_vo_han,loai_sigma,hr_min,hr_max,hon_hop
1,589568,4603,4603,0,0,41.9,150.2,39
2,525120,4099,4099,0,0,56.9,149.2,30
3,559424,4367,4367,0,0,44.5,148.7,35
4,585600,4572,4572,0,0,56.2,132.0,40
5,595520,4649,4649,0,0,82.5,187.0,39
6,336000,2622,2622,0,0,76.9,174.3,27
7,597952,4668,4668,0,0,48.6,152.9,37
8,517120,4037,4037,0,0,45.4,115.5,40
9,547840,4277,4277,0,0,54.8,154.3,37
10,681472,5321,5321,0,0,56.4,146.4,40
11,579072,4521,4521,0,0,54.7,171.1,31
12,506496,3954,3954,0,0,41.7,120.5,30
13,584704,4565,4565,0,0,46.0,159.1,35
14,573312,4476,4476,0,0,56.7,162.4,40
15,508096,3966,3966,0,0,42.2,138.5,31
